{"ops":[{"n":15,"x":2,"y":2},{"n":6,"x":11,"y":10},{"n":10,"x":8,"y":4},{"n":12,"x":3,"y":1},{"n":11,"x":6,"y":3},{"n":14,"x":1,"y":4},{"n":5,"x":7,"y":2},{"n":7,"x":2,"y":5},{"n":8,"x":8,"y":6},{"n":7,"x":3,"y":11},{"n":8,"x":0,"y":3},{"n":5,"x":13,"y":10},{"n":9,"x":6,"y":3},{"n":4,"x":1,"y":12},{"n":6,"x":10,"y":10},{"n":8,"x":3,"y":6},{"n":9,"x":1,"y":2},{"n":6,"x":0,"y":7},{"n":10,"x":3,"y":2},{"n":6,"x":8,"y":10},{"n":7,"x":4,"y":7},{"n":13,"x":5,"y":5},{"n":6,"x":4,"y":2},{"n":5,"x":8,"y":4},{"n":4,"x":2,"y":9},{"n":10,"x":0,"y":2},{"n":11,"x":4,"y":3},{"n":7,"x":11,"y":0},{"n":6,"x":1,"y":3},{"n":10,"x":3,"y":1},{"n":4,"x":0,"y":6},{"n":4,"x":0,"y":5},{"n":6,"x":3,"y":4},{"n":7,"x":4,"y":4},{"n":5,"x":9,"y":2},{"n":5,"x":6,"y":4},{"n":3,"x":4,"y":8},{"n":8,"x":10,"y":6},{"n":10,"x":6,"y":1},{"n":3,"x":5,"y":0},{"n":11,"x":7,"y":0},{"n":6,"x":6,"y":9},{"n":5,"x":9,"y":11},{"n":2,"x":10,"y":10},{"n":11,"x":0,"y":4},{"n":2,"x":16,"y":4},{"n":7,"x":11,"y":5},{"n":6,"x":8,"y":2},{"n":6,"x":12,"y":0},{"n":4,"x":12,"y":6},{"n":10,"x":5,"y":8},{"n":4,"x":7,"y":7},{"n":5,"x":10,"y":7},{"n":5,"x":12,"y":6},{"n":8,"x":6,"y":3},{"n":11,"x":7,"y":7},{"n":7,"x":0,"y":10},{"n":2,"x":1,"y":4},{"n":8,"x":2,"y":3},{"n":6,"x":0,"y":7},{"n":4,"x":6,"y":3},{"n":4,"x":3,"y":3},{"n":4,"x":2,"y":0},{"n":10,"x":1,"y":1},{"n":10,"x":1,"y":1},{"n":4,"x":5,"y":6},{"n":2,"x":15,"y":9},{"n":8,"x":10,"y":10},{"n":9,"x":2,"y":9},{"n":10,"x":5,"y":3},{"n":3,"x":5,"y":11},{"n":7,"x":6,"y":7},{"n":3,"x":13,"y":15},{"n":7,"x":8,"y":11},{"n":6,"x":5,"y":5},{"n":6,"x":5,"y":6},{"n":5,"x":3,"y":9},{"n":8,"x":7,"y":8},{"n":6,"x":5,"y":9},{"n":3,"x":5,"y":14}]}
